Location,Name,Frequency,Duplex,Offset,Tone,rToneFreq,cToneFreq,DtcsCode,DtcsPolarity,Mode,TStep,Skip,Comment,URCALL,RPT1CALL,RPT2CALL
1,FRNET1,149.025000,,0.000000,,88.5,88.5,023,NN,NFM,5.00,,,,,
2,FRNET2,149.037500,,0.000000,,88.5,88.5,023,NN,NFM,5.00,,,,,
3,FRNET3,149.050000,,0.000000,,88.5,88.5,023,NN,NFM,5.00,,,,,
4,FRNET4,149.087500,,0.000000,,88.5,88.5,023,NN,NFM,5.00,,,,,
5,FRNET5,149.100000,,0.000000,,88.5,88.5,023,NN,NFM,5.00,,,,,
6,FRNET6,149.112500,,0.000000,,88.5,88.5,023,NN,NFM,5.00,,,,,
